Type,Name,Request Count,Failure Count,Median Response Time,Average Response Time,Min Response Time,Max Response Time,Average Content Size,Requests/s,Failures/s,50%,66%,75%,80%,90%,95%,98%,99%,99.9%,99.99%,100%
GET,swaglabs,10,0,36,45.58547000015096,10.665700000572542,94.36060000007274,2648.0,2.5087101678417194,0.0,39,46,70,76,94,94,94,94,94,94,94
GET,the-internet,8,0,860.0,820.2054875000613,225.5384000000049,1020.999500000471,4072.0,2.0069681342733756,0.0,870,870,1000,1000,1000,1000,1000,1000,1000,1000,1000
,Aggregated,18,0,76,389.8610333334444,10.665700000572542,1020.999500000471,3280.8888888888887,4.515678302115095,0.0,94,850,860,870,1000,1000,1000,1000,1000,1000,1000
