Type,Name,Request Count,Failure Count,Median Response Time,Average Response Time,Min Response Time,Max Response Time,Average Content Size,Requests/s,Failures/s,50%,66%,75%,80%,90%,95%,98%,99%,99.9%,99.99%,100%
GET,swaglabs,46,0,13,20.468634782802205,10.68929999928514,81.41620000060357,2648.0,1.5901723257442129,0.0,13,14,23,35,42,49,81,81,81,81,81
GET,the-internet,51,0,220.0,354.9124333333334,214.15890000025684,989.7098000001279,4072.0,1.763017143759888,0.0,220,220,220,230,870,980,990,990,990,990,990
,Aggregated,97,0,210.0,196.31021958772067,10.68929999928514,989.7098000001279,3396.701030927835,3.353189469504101,0.0,210,220,220,220,850,950,990,990,990,990,990
