Type,Name,Request Count,Failure Count,Median Response Time,Average Response Time,Min Response Time,Max Response Time,Average Content Size,Requests/s,Failures/s,50%,66%,75%,80%,90%,95%,98%,99%,99.9%,99.99%,100%
GET,swaglabs,40,0,12,32.69199500003879,9.757499999977881,324.80500000019674,2648.0,1.4122216194920405,0.0,12,14,31,35,39,320,320,320,320,320,320
GET,the-internet,54,0,220.0,352.52803888892635,214.0647999999601,1030.9080000001813,4072.0,1.9064991863142546,0.0,220,220,220,430,860,1000,1000,1000,1000,1000,1000
,Aggregated,94,0,220.0,216.4275946808891,9.757499999977881,1030.9080000001813,3466.0425531914893,3.318720805806295,0.0,220,220,220,220,850,860,1000,1000,1000,1000,1000
